trial_type,count,percent
ADLs,398921,41.8962049644757
Falls,322718,33.89307525481403
Near_Falls,230526,24.210719780710278
